1,Gleichner,eligendi,vito,595385,756.93,2,3646,Lorem ipsum sentence fake,1,http://dummyimage.com/211x112.jpg/dddddd/000000,http://dummyimage.com/168x138.jpg/5fa2dd/ffffff,http://dummyimage.com/124x140.jpg/ff4444/ffffff,http://dummyimage.com/105x173.jpg/cc0000/ffffff
2,Schuppe,accusantium,rosetta,99003,250.37,5,2931,Lorem ipsum sentence fake,1,http://dummyimage.com/211x112.jpg/dddddd/000000,http://dummyimage.com/168x138.jpg/5fa2dd/ffffff,http://dummyimage.com/124x140.jpg/ff4444/ffffff,http://dummyimage.com/105x173.jpg/cc0000/ffffff
3,Keebler,odit,marlee,443078,761.88,3,8081,Lorem ipsum sentence fake,0,http://dummyimage.com/211x112.jpg/dddddd/000000,http://dummyimage.com/168x138.jpg/5fa2dd/ffffff,http://dummyimage.com/124x140.jpg/ff4444/ffffff,http://dummyimage.com/105x173.jpg/cc0000/ffffff
4,Spinka,aperiam,meagan,983431,518.42,4,2789,Lorem ipsum sentence fake,1,http://dummyimage.com/211x112.jpg/dddddd/000000,http://dummyimage.com/168x138.jpg/5fa2dd/ffffff,http://dummyimage.com/124x140.jpg/ff4444/ffffff,http://dummyimage.com/105x173.jpg/cc0000/ffffff
5,Hermann,optio,dayne,638637,672.21,3,2066,Lorem ipsum sentence fake,0,http://dummyimage.com/211x112.jpg/dddddd/000000,http://dummyimage.com/168x138.jpg/5fa2dd/ffffff,http://dummyimage.com/124x140.jpg/ff4444/ffffff,http://dummyimage.com/105x173.jpg/cc0000/ffffff
6,Vandervort,et,misael,973607,201.62,2,3753,Lorem ipsum sentence fake,1,http://dummyimage.com/211x112.jpg/dddddd/000000,http://dummyimage.com/168x138.jpg/5fa2dd/ffffff,http://dummyimage.com/124x140.jpg/ff4444/ffffff,http://dummyimage.com/105x173.jpg/cc0000/ffffff
7,Herman,eos,jerrold,454300,757.55,1,4383,Lorem ipsum sentence fake,0,http://dummyimage.com/211x112.jpg/dddddd/000000,http://dummyimage.com/168x138.jpg/5fa2dd/ffffff,http://dummyimage.com/124x140.jpg/ff4444/ffffff,http://dummyimage.com/105x173.jpg/cc0000/ffffff
8,Conn,similique,verlie,181505,448.18,2,2913,Lorem ipsum sentence fake,1,http://dummyimage.com/211x112.jpg/dddddd/000000,http://dummyimage.com/168x138.jpg/5fa2dd/ffffff,http://dummyimage.com/124x140.jpg/ff4444/ffffff,http://dummyimage.com/105x173.jpg/cc0000/ffffff
9,Koepp,quidem,juana,70527,591.6,0,9984,Lorem ipsum sentence fake,0,http://dummyimage.com/211x112.jpg/dddddd/000000,http://dummyimage.com/168x138.jpg/5fa2dd/ffffff,http://dummyimage.com/124x140.jpg/ff4444/ffffff,http://dummyimage.com/105x173.jpg/cc0000/ffffff
10,Green,facilis,joan,151117,370.41,0,8038,Lorem ipsum sentence fake,0,http://dummyimage.com/211x112.jpg/dddddd/000000,http://dummyimage.com/168x138.jpg/5fa2dd/ffffff,http://dummyimage.com/124x140.jpg/ff4444/ffffff,http://dummyimage.com/105x173.jpg/cc0000/ffffff
11,Kertzmann,ullam,alek,808437,707.38,5,1304,Lorem ipsum sentence fake,1,http://dummyimage.com/211x112.jpg/dddddd/000000,http://dummyimage.com/168x138.jpg/5fa2dd/ffffff,http://dummyimage.com/124x140.jpg/ff4444/ffffff,http://dummyimage.com/105x173.jpg/cc0000/ffffff
12,Tremblay,earum,leif,160928,131.83,1,1715,Lorem ipsum sentence fake,1,http://dummyimage.com/211x112.jpg/dddddd/000000,http://dummyimage.com/168x138.jpg/5fa2dd/ffffff,http://dummyimage.com/124x140.jpg/ff4444/ffffff,http://dummyimage.com/105x173.jpg/cc0000/ffffff
13,Langosh,voluptatibus,viva,523530,17.72,3,8088,Lorem ipsum sentence fake,0,http://dummyimage.com/211x112.jpg/dddddd/000000,http://dummyimage.com/168x138.jpg/5fa2dd/ffffff,http://dummyimage.com/124x140.jpg/ff4444/ffffff,http://dummyimage.com/105x173.jpg/cc0000/ffffff
14,Stokes,natus,lina,219041,82.52,0,6595,Lorem ipsum sentence fake,1,http://dummyimage.com/211x112.jpg/dddddd/000000,http://dummyimage.com/168x138.jpg/5fa2dd/ffffff,http://dummyimage.com/124x140.jpg/ff4444/ffffff,http://dummyimage.com/105x173.jpg/cc0000/ffffff
15,Bins,et,elisabeth,243866,94.86,2,9213,Lorem ipsum sentence fake,0,http://dummyimage.com/211x112.jpg/dddddd/000000,http://dummyimage.com/168x138.jpg/5fa2dd/ffffff,http://dummyimage.com/124x140.jpg/ff4444/ffffff,http://dummyimage.com/105x173.jpg/cc0000/ffffff
16,Kuvalis,unde,darrick,913139,457.47,0,3315,Lorem ipsum sentence fake,0,http://dummyimage.com/211x112.jpg/dddddd/000000,http://dummyimage.com/168x138.jpg/5fa2dd/ffffff,http://dummyimage.com/124x140.jpg/ff4444/ffffff,http://dummyimage.com/105x173.jpg/cc0000/ffffff
17,Gulgowski,voluptatibus,lisandro,995829,173.93,4,9398,Lorem ipsum sentence fake,0,http://dummyimage.com/211x112.jpg/dddddd/000000,http://dummyimage.com/168x138.jpg/5fa2dd/ffffff,http://dummyimage.com/124x140.jpg/ff4444/ffffff,http://dummyimage.com/105x173.jpg/cc0000/ffffff
18,Ward,sapiente,orion,41175,687.93,1,5554,Lorem ipsum sentence fake,1,http://dummyimage.com/211x112.jpg/dddddd/000000,http://dummyimage.com/168x138.jpg/5fa2dd/ffffff,http://dummyimage.com/124x140.jpg/ff4444/ffffff,http://dummyimage.com/105x173.jpg/cc0000/ffffff
19,Heidenreich,id,tevin,665168,582.80,1,3749,Lorem ipsum sentence fake,1,http://dummyimage.com/211x112.jpg/dddddd/000000,http://dummyimage.com/168x138.jpg/5fa2dd/ffffff,http://dummyimage.com/124x140.jpg/ff4444/ffffff,http://dummyimage.com/105x173.jpg/cc0000/ffffff
20,Hoppe,sequi,german,607857,806.46,2,1159,Lorem ipsum sentence fake,0,http://dummyimage.com/211x112.jpg/dddddd/000000,http://dummyimage.com/168x138.jpg/5fa2dd/ffffff,http://dummyimage.com/124x140.jpg/ff4444/ffffff,http://dummyimage.com/105x173.jpg/cc0000/ffffff
21,Mann,provident,jeanie,805111,485.81,4,1149,Lorem ipsum sentence fake,1,http://dummyimage.com/211x112.jpg/dddddd/000000,http://dummyimage.com/168x138.jpg/5fa2dd/ffffff,http://dummyimage.com/124x140.jpg/ff4444/ffffff,http://dummyimage.com/105x173.jpg/cc0000/ffffff
22,Jerde,et,derick,7156,248.74,5,25,Lorem ipsum sentence fake,1,http://dummyimage.com/211x112.jpg/dddddd/000000,http://dummyimage.com/168x138.jpg/5fa2dd/ffffff,http://dummyimage.com/124x140.jpg/ff4444/ffffff,http://dummyimage.com/105x173.jpg/cc0000/ffffff
23,Feeney,autem,andreane,707782,660.91,4,8202,Lorem ipsum sentence fake,0,http://dummyimage.com/211x112.jpg/dddddd/000000,http://dummyimage.com/168x138.jpg/5fa2dd/ffffff,http://dummyimage.com/124x140.jpg/ff4444/ffffff,http://dummyimage.com/105x173.jpg/cc0000/ffffff
24,McGlynn,numquam,maureen,714713,854.62,2,6234,Lorem ipsum sentence fake,0,http://dummyimage.com/211x112.jpg/dddddd/000000,http://dummyimage.com/168x138.jpg/5fa2dd/ffffff,http://dummyimage.com/124x140.jpg/ff4444/ffffff,http://dummyimage.com/105x173.jpg/cc0000/ffffff
25,Swaniawski,in,alayna,8063,963.60,2,5668,Lorem ipsum sentence fake,0,http://dummyimage.com/211x112.jpg/dddddd/000000,http://dummyimage.com/168x138.jpg/5fa2dd/ffffff,http://dummyimage.com/124x140.jpg/ff4444/ffffff,http://dummyimage.com/105x173.jpg/cc0000/ffffff
26,Hodkiewicz,nihil,kenna,275320,397.12,3,9359,Lorem ipsum sentence fake,1,http://dummyimage.com/211x112.jpg/dddddd/000000,http://dummyimage.com/168x138.jpg/5fa2dd/ffffff,http://dummyimage.com/124x140.jpg/ff4444/ffffff,http://dummyimage.com/105x173.jpg/cc0000/ffffff
27,Welch,omnis,thurman,343972,48.70,4,9217,Lorem ipsum sentence fake,1,http://dummyimage.com/211x112.jpg/dddddd/000000,http://dummyimage.com/168x138.jpg/5fa2dd/ffffff,http://dummyimage.com/124x140.jpg/ff4444/ffffff,http://dummyimage.com/105x173.jpg/cc0000/ffffff
28,Reilly,qui,casimir,668081,239.69,0,1561,Lorem ipsum sentence fake,0,http://dummyimage.com/211x112.jpg/dddddd/000000,http://dummyimage.com/168x138.jpg/5fa2dd/ffffff,http://dummyimage.com/124x140.jpg/ff4444/ffffff,http://dummyimage.com/105x173.jpg/cc0000/ffffff
29,Walter,est,alfred,564497,74.51,1,8459,Lorem ipsum sentence fake,1,http://dummyimage.com/211x112.jpg/dddddd/000000,http://dummyimage.com/168x138.jpg/5fa2dd/ffffff,http://dummyimage.com/124x140.jpg/ff4444/ffffff,http://dummyimage.com/105x173.jpg/cc0000/ffffff
30,O'Reilly,aut,vito,625417,820.35,5,5601,Lorem ipsum sentence fake,1,http://dummyimage.com/211x112.jpg/dddddd/000000,http://dummyimage.com/168x138.jpg/5fa2dd/ffffff,http://dummyimage.com/124x140.jpg/ff4444/ffffff,http://dummyimage.com/105x173.jpg/cc0000/ffffff
31,Padberg,dolore,nicholaus,13718,749.71,3,7323,Lorem ipsum sentence fake,0,http://dummyimage.com/211x112.jpg/dddddd/000000,http://dummyimage.com/168x138.jpg/5fa2dd/ffffff,http://dummyimage.com/124x140.jpg/ff4444/ffffff,http://dummyimage.com/105x173.jpg/cc0000/ffffff
32,Kilback,sint,kaci,907645,922.58,1,2678,Lorem ipsum sentence fake,0,http://dummyimage.com/211x112.jpg/dddddd/000000,http://dummyimage.com/168x138.jpg/5fa2dd/ffffff,http://dummyimage.com/124x140.jpg/ff4444/ffffff,http://dummyimage.com/105x173.jpg/cc0000/ffffff
33,Herman,cupiditate,loraine,970778,736.12,1,8966,Lorem ipsum sentence fake,0,http://dummyimage.com/211x112.jpg/dddddd/000000,http://dummyimage.com/168x138.jpg/5fa2dd/ffffff,http://dummyimage.com/124x140.jpg/ff4444/ffffff,http://dummyimage.com/105x173.jpg/cc0000/ffffff
34,Lehner,enim,geovany,9606,82.63,1,6688,Lorem ipsum sentence fake,0,http://dummyimage.com/211x112.jpg/dddddd/000000,http://dummyimage.com/168x138.jpg/5fa2dd/ffffff,http://dummyimage.com/124x140.jpg/ff4444/ffffff,http://dummyimage.com/105x173.jpg/cc0000/ffffff
35,Flatley,vitae,camron,103607,468.13,4,8636,Lorem ipsum sentence fake,0,http://dummyimage.com/211x112.jpg/dddddd/000000,http://dummyimage.com/168x138.jpg/5fa2dd/ffffff,http://dummyimage.com/124x140.jpg/ff4444/ffffff,http://dummyimage.com/105x173.jpg/cc0000/ffffff
36,Herzog,illum,josiane,114629,48.39,3,3333,Lorem ipsum sentence fake,0,http://dummyimage.com/211x112.jpg/dddddd/000000,http://dummyimage.com/168x138.jpg/5fa2dd/ffffff,http://dummyimage.com/124x140.jpg/ff4444/ffffff,http://dummyimage.com/105x173.jpg/cc0000/ffffff
37,Ortiz,laborum,cesar,645926,938.31,1,8666,Lorem ipsum sentence fake,1,http://dummyimage.com/211x112.jpg/dddddd/000000,http://dummyimage.com/168x138.jpg/5fa2dd/ffffff,http://dummyimage.com/124x140.jpg/ff4444/ffffff,http://dummyimage.com/105x173.jpg/cc0000/ffffff
38,Eichmann,quo,fleta,295784,756.53,4,1452,Lorem ipsum sentence fake,0,http://dummyimage.com/211x112.jpg/dddddd/000000,http://dummyimage.com/168x138.jpg/5fa2dd/ffffff,http://dummyimage.com/124x140.jpg/ff4444/ffffff,http://dummyimage.com/105x173.jpg/cc0000/ffffff
39,Kulas,provident,jasper,447726,998.23,0,2517,Lorem ipsum sentence fake,1,http://dummyimage.com/211x112.jpg/dddddd/000000,http://dummyimage.com/168x138.jpg/5fa2dd/ffffff,http://dummyimage.com/124x140.jpg/ff4444/ffffff,http://dummyimage.com/105x173.jpg/cc0000/ffffff
40,Aufderhar,et,kaycee,35180,582.75,2,9534,Lorem ipsum sentence fake,1,http://dummyimage.com/211x112.jpg/dddddd/000000,http://dummyimage.com/168x138.jpg/5fa2dd/ffffff,http://dummyimage.com/124x140.jpg/ff4444/ffffff,http://dummyimage.com/105x173.jpg/cc0000/ffffff
41,Blanda,corrupti,fermin,670863,422.98,1,85,Lorem ipsum sentence fake,1,http://dummyimage.com/211x112.jpg/dddddd/000000,http://dummyimage.com/168x138.jpg/5fa2dd/ffffff,http://dummyimage.com/124x140.jpg/ff4444/ffffff,http://dummyimage.com/105x173.jpg/cc0000/ffffff
42,Conn,nesciunt,broderick,106525,745.3,3,8677,Lorem ipsum sentence fake,1,http://dummyimage.com/211x112.jpg/dddddd/000000,http://dummyimage.com/168x138.jpg/5fa2dd/ffffff,http://dummyimage.com/124x140.jpg/ff4444/ffffff,http://dummyimage.com/105x173.jpg/cc0000/ffffff
43,Kirlin,tempore,justine,776338,221.42,4,2453,Lorem ipsum sentence fake,1,http://dummyimage.com/211x112.jpg/dddddd/000000,http://dummyimage.com/168x138.jpg/5fa2dd/ffffff,http://dummyimage.com/124x140.jpg/ff4444/ffffff,http://dummyimage.com/105x173.jpg/cc0000/ffffff
44,Gerlach,dolore,haleigh,814663,967.3,5,6483,Lorem ipsum sentence fake,1,http://dummyimage.com/211x112.jpg/dddddd/000000,http://dummyimage.com/168x138.jpg/5fa2dd/ffffff,http://dummyimage.com/124x140.jpg/ff4444/ffffff,http://dummyimage.com/105x173.jpg/cc0000/ffffff
45,Hauck,quaerat,ivory,312327,727.50,3,6660,Lorem ipsum sentence fake,1,http://dummyimage.com/211x112.jpg/dddddd/000000,http://dummyimage.com/168x138.jpg/5fa2dd/ffffff,http://dummyimage.com/124x140.jpg/ff4444/ffffff,http://dummyimage.com/105x173.jpg/cc0000/ffffff
46,Kovacek,tempora,anna,557874,691.62,2,1046,Lorem ipsum sentence fake,1,http://dummyimage.com/211x112.jpg/dddddd/000000,http://dummyimage.com/168x138.jpg/5fa2dd/ffffff,http://dummyimage.com/124x140.jpg/ff4444/ffffff,http://dummyimage.com/105x173.jpg/cc0000/ffffff
47,Huels,vitae,estevan,771240,977.42,2,9060,Lorem ipsum sentence fake,1,http://dummyimage.com/211x112.jpg/dddddd/000000,http://dummyimage.com/168x138.jpg/5fa2dd/ffffff,http://dummyimage.com/124x140.jpg/ff4444/ffffff,http://dummyimage.com/105x173.jpg/cc0000/ffffff
48,Fadel,pariatur,ashlee,862713,58.36,0,3353,Lorem ipsum sentence fake,1,http://dummyimage.com/211x112.jpg/dddddd/000000,http://dummyimage.com/168x138.jpg/5fa2dd/ffffff,http://dummyimage.com/124x140.jpg/ff4444/ffffff,http://dummyimage.com/105x173.jpg/cc0000/ffffff
49,Sporer,natus,golden,45639,477.1,3,4311,Lorem ipsum sentence fake,0,http://dummyimage.com/211x112.jpg/dddddd/000000,http://dummyimage.com/168x138.jpg/5fa2dd/ffffff,http://dummyimage.com/124x140.jpg/ff4444/ffffff,http://dummyimage.com/105x173.jpg/cc0000/ffffff
50,Hoeger,ut,eudora,992662,8.41,4,1850,Lorem ipsum sentence fake,1,http://dummyimage.com/211x112.jpg/dddddd/000000,http://dummyimage.com/168x138.jpg/5fa2dd/ffffff,http://dummyimage.com/124x140.jpg/ff4444/ffffff,http://dummyimage.com/105x173.jpg/cc0000/ffffff
51,Harber,quibusdam,clementine,238319,392.16,4,9516,Lorem ipsum sentence fake,0,http://dummyimage.com/211x112.jpg/dddddd/000000,http://dummyimage.com/168x138.jpg/5fa2dd/ffffff,http://dummyimage.com/124x140.jpg/ff4444/ffffff,http://dummyimage.com/105x173.jpg/cc0000/ffffff
52,Pacocha,iusto,pamela,690532,586.90,3,2673,Lorem ipsum sentence fake,0,http://dummyimage.com/211x112.jpg/dddddd/000000,http://dummyimage.com/168x138.jpg/5fa2dd/ffffff,http://dummyimage.com/124x140.jpg/ff4444/ffffff,http://dummyimage.com/105x173.jpg/cc0000/ffffff
53,Dietrich,distinctio,lon,845173,281.67,1,1250,Lorem ipsum sentence fake,1,http://dummyimage.com/211x112.jpg/dddddd/000000,http://dummyimage.com/168x138.jpg/5fa2dd/ffffff,http://dummyimage.com/124x140.jpg/ff4444/ffffff,http://dummyimage.com/105x173.jpg/cc0000/ffffff
54,Beatty,quibusdam,willow,158356,968.57,4,6778,Lorem ipsum sentence fake,1,http://dummyimage.com/211x112.jpg/dddddd/000000,http://dummyimage.com/168x138.jpg/5fa2dd/ffffff,http://dummyimage.com/124x140.jpg/ff4444/ffffff,http://dummyimage.com/105x173.jpg/cc0000/ffffff
55,Prohaska,architecto,waino,609789,877.73,1,4057,Lorem ipsum sentence fake,1,http://dummyimage.com/211x112.jpg/dddddd/000000,http://dummyimage.com/168x138.jpg/5fa2dd/ffffff,http://dummyimage.com/124x140.jpg/ff4444/ffffff,http://dummyimage.com/105x173.jpg/cc0000/ffffff
56,D'Amore,mollitia,otto,912258,821.11,5,3225,Lorem ipsum sentence fake,1,http://dummyimage.com/211x112.jpg/dddddd/000000,http://dummyimage.com/168x138.jpg/5fa2dd/ffffff,http://dummyimage.com/124x140.jpg/ff4444/ffffff,http://dummyimage.com/105x173.jpg/cc0000/ffffff
57,Leuschke,molestiae,herbert,552630,310.96,4,550,Lorem ipsum sentence fake,1,http://dummyimage.com/211x112.jpg/dddddd/000000,http://dummyimage.com/168x138.jpg/5fa2dd/ffffff,http://dummyimage.com/124x140.jpg/ff4444/ffffff,http://dummyimage.com/105x173.jpg/cc0000/ffffff
58,Cummings,deserunt,lewis,959210,254.71,4,2658,Lorem ipsum sentence fake,1,http://dummyimage.com/211x112.jpg/dddddd/000000,http://dummyimage.com/168x138.jpg/5fa2dd/ffffff,http://dummyimage.com/124x140.jpg/ff4444/ffffff,http://dummyimage.com/105x173.jpg/cc0000/ffffff
59,Gutkowski,dignissimos,josiah,312495,583.65,4,4864,Lorem ipsum sentence fake,0,http://dummyimage.com/211x112.jpg/dddddd/000000,http://dummyimage.com/168x138.jpg/5fa2dd/ffffff,http://dummyimage.com/124x140.jpg/ff4444/ffffff,http://dummyimage.com/105x173.jpg/cc0000/ffffff
60,Gottlieb,enim,abdul,983057,466.82,0,7912,Lorem ipsum sentence fake,0,http://dummyimage.com/211x112.jpg/dddddd/000000,http://dummyimage.com/168x138.jpg/5fa2dd/ffffff,http://dummyimage.com/124x140.jpg/ff4444/ffffff,http://dummyimage.com/105x173.jpg/cc0000/ffffff
61,Braun,ut,greg,779150,247.22,3,8431,Lorem ipsum sentence fake,0,http://dummyimage.com/211x112.jpg/dddddd/000000,http://dummyimage.com/168x138.jpg/5fa2dd/ffffff,http://dummyimage.com/124x140.jpg/ff4444/ffffff,http://dummyimage.com/105x173.jpg/cc0000/ffffff
62,Anderson,quidem,idell,450782,318.76,4,9010,Lorem ipsum sentence fake,1,http://dummyimage.com/211x112.jpg/dddddd/000000,http://dummyimage.com/168x138.jpg/5fa2dd/ffffff,http://dummyimage.com/124x140.jpg/ff4444/ffffff,http://dummyimage.com/105x173.jpg/cc0000/ffffff
63,King,eos,marianna,878021,614.78,0,6842,Lorem ipsum sentence fake,1,http://dummyimage.com/211x112.jpg/dddddd/000000,http://dummyimage.com/168x138.jpg/5fa2dd/ffffff,http://dummyimage.com/124x140.jpg/ff4444/ffffff,http://dummyimage.com/105x173.jpg/cc0000/ffffff
64,Yost,quia,myra,559924,221.52,2,5429,Lorem ipsum sentence fake,0,http://dummyimage.com/211x112.jpg/dddddd/000000,http://dummyimage.com/168x138.jpg/5fa2dd/ffffff,http://dummyimage.com/124x140.jpg/ff4444/ffffff,http://dummyimage.com/105x173.jpg/cc0000/ffffff
65,Schumm,veniam,keely,764097,466.52,4,2687,Lorem ipsum sentence fake,1,http://dummyimage.com/211x112.jpg/dddddd/000000,http://dummyimage.com/168x138.jpg/5fa2dd/ffffff,http://dummyimage.com/124x140.jpg/ff4444/ffffff,http://dummyimage.com/105x173.jpg/cc0000/ffffff
66,Koepp,et,frieda,317050,362.9,1,5019,Lorem ipsum sentence fake,1,http://dummyimage.com/211x112.jpg/dddddd/000000,http://dummyimage.com/168x138.jpg/5fa2dd/ffffff,http://dummyimage.com/124x140.jpg/ff4444/ffffff,http://dummyimage.com/105x173.jpg/cc0000/ffffff
67,Schmeler,ab,theo,785454,282.79,2,4145,Lorem ipsum sentence fake,0,http://dummyimage.com/211x112.jpg/dddddd/000000,http://dummyimage.com/168x138.jpg/5fa2dd/ffffff,http://dummyimage.com/124x140.jpg/ff4444/ffffff,http://dummyimage.com/105x173.jpg/cc0000/ffffff
68,Marquardt,accusantium,marilou,156469,860.31,0,7714,Lorem ipsum sentence fake,1,http://dummyimage.com/211x112.jpg/dddddd/000000,http://dummyimage.com/168x138.jpg/5fa2dd/ffffff,http://dummyimage.com/124x140.jpg/ff4444/ffffff,http://dummyimage.com/105x173.jpg/cc0000/ffffff
69,MacGyver,consectetur,tamia,293676,742.32,1,2354,Lorem ipsum sentence fake,0,http://dummyimage.com/211x112.jpg/dddddd/000000,http://dummyimage.com/168x138.jpg/5fa2dd/ffffff,http://dummyimage.com/124x140.jpg/ff4444/ffffff,http://dummyimage.com/105x173.jpg/cc0000/ffffff
70,Schmitt,aut,colton,697398,352.55,1,7492,Lorem ipsum sentence fake,1,http://dummyimage.com/211x112.jpg/dddddd/000000,http://dummyimage.com/168x138.jpg/5fa2dd/ffffff,http://dummyimage.com/124x140.jpg/ff4444/ffffff,http://dummyimage.com/105x173.jpg/cc0000/ffffff
71,Price,et,justyn,524358,513.76,3,4047,Lorem ipsum sentence fake,1,http://dummyimage.com/211x112.jpg/dddddd/000000,http://dummyimage.com/168x138.jpg/5fa2dd/ffffff,http://dummyimage.com/124x140.jpg/ff4444/ffffff,http://dummyimage.com/105x173.jpg/cc0000/ffffff
72,Ziemann,qui,waino,154875,867.95,0,7357,Lorem ipsum sentence fake,0,http://dummyimage.com/211x112.jpg/dddddd/000000,http://dummyimage.com/168x138.jpg/5fa2dd/ffffff,http://dummyimage.com/124x140.jpg/ff4444/ffffff,http://dummyimage.com/105x173.jpg/cc0000/ffffff
73,Harber,et,gunnar,232478,76.7,5,407,Lorem ipsum sentence fake,1,http://dummyimage.com/211x112.jpg/dddddd/000000,http://dummyimage.com/168x138.jpg/5fa2dd/ffffff,http://dummyimage.com/124x140.jpg/ff4444/ffffff,http://dummyimage.com/105x173.jpg/cc0000/ffffff
74,Mueller,cum,maryse,213599,284.3,4,4205,Lorem ipsum sentence fake,1,http://dummyimage.com/211x112.jpg/dddddd/000000,http://dummyimage.com/168x138.jpg/5fa2dd/ffffff,http://dummyimage.com/124x140.jpg/ff4444/ffffff,http://dummyimage.com/105x173.jpg/cc0000/ffffff
75,Price,dolor,otto,728681,210.74,5,1441,Lorem ipsum sentence fake,1,http://dummyimage.com/211x112.jpg/dddddd/000000,http://dummyimage.com/168x138.jpg/5fa2dd/ffffff,http://dummyimage.com/124x140.jpg/ff4444/ffffff,http://dummyimage.com/105x173.jpg/cc0000/ffffff
76,Beahan,aut,lillie,143287,485.53,5,7252,Lorem ipsum sentence fake,0,http://dummyimage.com/211x112.jpg/dddddd/000000,http://dummyimage.com/168x138.jpg/5fa2dd/ffffff,http://dummyimage.com/124x140.jpg/ff4444/ffffff,http://dummyimage.com/105x173.jpg/cc0000/ffffff
77,Predovic,cum,zion,569324,414.13,4,9614,Lorem ipsum sentence fake,0,http://dummyimage.com/211x112.jpg/dddddd/000000,http://dummyimage.com/168x138.jpg/5fa2dd/ffffff,http://dummyimage.com/124x140.jpg/ff4444/ffffff,http://dummyimage.com/105x173.jpg/cc0000/ffffff
78,Considine,quia,else,852752,660.94,4,5786,Lorem ipsum sentence fake,0,http://dummyimage.com/211x112.jpg/dddddd/000000,http://dummyimage.com/168x138.jpg/5fa2dd/ffffff,http://dummyimage.com/124x140.jpg/ff4444/ffffff,http://dummyimage.com/105x173.jpg/cc0000/ffffff
79,White,porro,vernon,528429,677.7,5,7497,Lorem ipsum sentence fake,0,http://dummyimage.com/211x112.jpg/dddddd/000000,http://dummyimage.com/168x138.jpg/5fa2dd/ffffff,http://dummyimage.com/124x140.jpg/ff4444/ffffff,http://dummyimage.com/105x173.jpg/cc0000/ffffff
80,McCullough,aperiam,gennaro,719330,941.4,0,7936,Lorem ipsum sentence fake,0,http://dummyimage.com/211x112.jpg/dddddd/000000,http://dummyimage.com/168x138.jpg/5fa2dd/ffffff,http://dummyimage.com/124x140.jpg/ff4444/ffffff,http://dummyimage.com/105x173.jpg/cc0000/ffffff
81,Fritsch,molestiae,carmen,816940,57.69,2,1267,Lorem ipsum sentence fake,1,http://dummyimage.com/211x112.jpg/dddddd/000000,http://dummyimage.com/168x138.jpg/5fa2dd/ffffff,http://dummyimage.com/124x140.jpg/ff4444/ffffff,http://dummyimage.com/105x173.jpg/cc0000/ffffff
82,VonRueden,natus,rachel,135795,505.38,0,6790,Lorem ipsum sentence fake,0,http://dummyimage.com/211x112.jpg/dddddd/000000,http://dummyimage.com/168x138.jpg/5fa2dd/ffffff,http://dummyimage.com/124x140.jpg/ff4444/ffffff,http://dummyimage.com/105x173.jpg/cc0000/ffffff
83,Marquardt,earum,hershel,144188,801.38,1,527,Lorem ipsum sentence fake,0,http://dummyimage.com/211x112.jpg/dddddd/000000,http://dummyimage.com/168x138.jpg/5fa2dd/ffffff,http://dummyimage.com/124x140.jpg/ff4444/ffffff,http://dummyimage.com/105x173.jpg/cc0000/ffffff
84,Kiehn,perspiciatis,jocelyn,909324,84.18,2,3139,Lorem ipsum sentence fake,0,http://dummyimage.com/211x112.jpg/dddddd/000000,http://dummyimage.com/168x138.jpg/5fa2dd/ffffff,http://dummyimage.com/124x140.jpg/ff4444/ffffff,http://dummyimage.com/105x173.jpg/cc0000/ffffff
85,Crist,expedita,gerhard,673696,516.91,2,6099,Lorem ipsum sentence fake,0,http://dummyimage.com/211x112.jpg/dddddd/000000,http://dummyimage.com/168x138.jpg/5fa2dd/ffffff,http://dummyimage.com/124x140.jpg/ff4444/ffffff,http://dummyimage.com/105x173.jpg/cc0000/ffffff
86,Wolf,a,eldon,65388,31.49,1,4103,Lorem ipsum sentence fake,0,http://dummyimage.com/211x112.jpg/dddddd/000000,http://dummyimage.com/168x138.jpg/5fa2dd/ffffff,http://dummyimage.com/124x140.jpg/ff4444/ffffff,http://dummyimage.com/105x173.jpg/cc0000/ffffff
87,Heidenreich,officia,kenton,536902,278.28,4,5918,Lorem ipsum sentence fake,0,http://dummyimage.com/211x112.jpg/dddddd/000000,http://dummyimage.com/168x138.jpg/5fa2dd/ffffff,http://dummyimage.com/124x140.jpg/ff4444/ffffff,http://dummyimage.com/105x173.jpg/cc0000/ffffff
88,Brekke,error,brendan,504045,827.18,0,9136,Lorem ipsum sentence fake,1,http://dummyimage.com/211x112.jpg/dddddd/000000,http://dummyimage.com/168x138.jpg/5fa2dd/ffffff,http://dummyimage.com/124x140.jpg/ff4444/ffffff,http://dummyimage.com/105x173.jpg/cc0000/ffffff
89,Homenick,corporis,anna,875383,731.65,2,5509,Lorem ipsum sentence fake,1,http://dummyimage.com/211x112.jpg/dddddd/000000,http://dummyimage.com/168x138.jpg/5fa2dd/ffffff,http://dummyimage.com/124x140.jpg/ff4444/ffffff,http://dummyimage.com/105x173.jpg/cc0000/ffffff
90,Bailey,et,hillary,716274,283.81,0,6418,Lorem ipsum sentence fake,0,http://dummyimage.com/211x112.jpg/dddddd/000000,http://dummyimage.com/168x138.jpg/5fa2dd/ffffff,http://dummyimage.com/124x140.jpg/ff4444/ffffff,http://dummyimage.com/105x173.jpg/cc0000/ffffff
91,Wilkinson,accusamus,ila,753437,900.42,4,5277,Lorem ipsum sentence fake,0,http://dummyimage.com/211x112.jpg/dddddd/000000,http://dummyimage.com/168x138.jpg/5fa2dd/ffffff,http://dummyimage.com/124x140.jpg/ff4444/ffffff,http://dummyimage.com/105x173.jpg/cc0000/ffffff
92,Corkery,asperiores,eliane,554803,677.50,5,3328,Lorem ipsum sentence fake,1,http://dummyimage.com/211x112.jpg/dddddd/000000,http://dummyimage.com/168x138.jpg/5fa2dd/ffffff,http://dummyimage.com/124x140.jpg/ff4444/ffffff,http://dummyimage.com/105x173.jpg/cc0000/ffffff
93,Glover,debitis,bud,970960,148.92,1,6871,Lorem ipsum sentence fake,0,http://dummyimage.com/211x112.jpg/dddddd/000000,http://dummyimage.com/168x138.jpg/5fa2dd/ffffff,http://dummyimage.com/124x140.jpg/ff4444/ffffff,http://dummyimage.com/105x173.jpg/cc0000/ffffff
94,Runolfsson,similique,monty,342853,385.97,0,8037,Lorem ipsum sentence fake,0,http://dummyimage.com/211x112.jpg/dddddd/000000,http://dummyimage.com/168x138.jpg/5fa2dd/ffffff,http://dummyimage.com/124x140.jpg/ff4444/ffffff,http://dummyimage.com/105x173.jpg/cc0000/ffffff
95,Will,voluptates,francisco,374572,179.59,2,252,Lorem ipsum sentence fake,0,http://dummyimage.com/211x112.jpg/dddddd/000000,http://dummyimage.com/168x138.jpg/5fa2dd/ffffff,http://dummyimage.com/124x140.jpg/ff4444/ffffff,http://dummyimage.com/105x173.jpg/cc0000/ffffff
96,Lynch,corrupti,eden,649137,182.1,4,6851,Lorem ipsum sentence fake,0,http://dummyimage.com/211x112.jpg/dddddd/000000,http://dummyimage.com/168x138.jpg/5fa2dd/ffffff,http://dummyimage.com/124x140.jpg/ff4444/ffffff,http://dummyimage.com/105x173.jpg/cc0000/ffffff
97,Bartoletti,praesentium,sienna,906162,215.83,4,8287,Lorem ipsum sentence fake,1,http://dummyimage.com/211x112.jpg/dddddd/000000,http://dummyimage.com/168x138.jpg/5fa2dd/ffffff,http://dummyimage.com/124x140.jpg/ff4444/ffffff,http://dummyimage.com/105x173.jpg/cc0000/ffffff
98,Lindgren,omnis,adah,516666,109.86,3,6727,Lorem ipsum sentence fake,1,http://dummyimage.com/211x112.jpg/dddddd/000000,http://dummyimage.com/168x138.jpg/5fa2dd/ffffff,http://dummyimage.com/124x140.jpg/ff4444/ffffff,http://dummyimage.com/105x173.jpg/cc0000/ffffff
99,Conn,non,deborah,923312,473.94,2,1107,Lorem ipsum sentence fake,1,http://dummyimage.com/211x112.jpg/dddddd/000000,http://dummyimage.com/168x138.jpg/5fa2dd/ffffff,http://dummyimage.com/124x140.jpg/ff4444/ffffff,http://dummyimage.com/105x173.jpg/cc0000/ffffff
100,Batz,esse,kennedy,231521,533.81,1,3338,Lorem ipsum sentence fake,1,http://dummyimage.com/211x112.jpg/dddddd/000000,http://dummyimage.com/168x138.jpg/5fa2dd/ffffff,http://dummyimage.com/124x140.jpg/ff4444/ffffff,http://dummyimage.com/105x173.jpg/cc0000/ffffff
